stock,ratio
山河药辅,4.716236335138878
盛帮股份,4.714136454360598
丽人丽妆,2.8923228363728892
