stock,ratio
宏昌电子,4.499733484094628
中水渔业,3.3634080844839938
方正科技,2.608122802251884
晨光新材,2.485636434794851
深中华A,2.3638310292339604
北方国际,2.2463273490004867
