stock,ratio
芯瑞达,6.365022284843245
嘉戎技术,5.002200783273858
恒逸石化,3.759603943725959
龙江交通,3.2477371481675124
兆龙互连,2.986727502411766
科翔股份,2.448062937949489
