stock,ratio
浔兴股份,2.3475466955887097
新华保险,1.3133250257948303
湖南黄金,1.0140348886450818
新农股份,0.8430600410828568
甘李药业,0.7667286554535869
湖南海利,0.6349661862295475
